{"train_loss": [0.03291675043610194, 0.009031449606490577, 0.0068702693686232075], "train_acc": [98.59022975685924, 99.66540263216596, 99.74124470220835], "val_loss": [0.009033366859207588, 0.004792112657532712, 0.002956529892770596], "val_acc": [99.70887918486171, 99.87523393636931, 99.89602828030776]}