{
  "accuracy": 0.5029474180617779,
  "precision": 0.5014861490904767,
  "recall": 0.9945767507663287,
  "f1": 0.6667720518495099,
  "precision_macro": 0.5887712435593229,
  "recall_macro": 0.5029474180617779,
  "f1_macro": 0.34451775134219464,
  "precision_weighted": 0.5887712435593229,
  "recall_weighted": 0.5029474180617779,
  "f1_weighted": 0.34451775134219464,
  "sensitivity": 0.9945767507663287,
  "specificity": 0.01131808535722707,
  "true_positives": 4218,
  "true_negatives": 48,
  "false_positives": 4193,
  "false_negatives": 23,
  "auc_roc": 0.5588011918772078,
  "auc_pr": 0.540402988096256,
  "confusion_matrix": [
    [
      48,
      4193
    ],
    [
      23,
      4218
    ]
  ],
  "Negative_precision": 0.676056338028169,
  "Negative_recall": 0.01131808535722707,
  "Negative_f1": 0.022263450834879406,
  "Positive_precision": 0.5014861490904767,
  "Positive_recall": 0.9945767507663287,
  "Positive_f1": 0.6667720518495099,
  "model_name": "decentralized",
  "evaluation_timestamp": "2025-11-26T13:49:33.603307",
  "num_samples": 8482
}